handle,fraction_bot,total_human,total_bot
overall,0.4484335805954235,1150444,935332
media,0.4399696053258873,919790,722603
diplomat,0.4697605366692106,393943,349010
