handle,fraction_bot,total_human,total_bot
overall,0.4451496620715136,1184889,950622
media,0.4344492607674008,968746,744179
diplomat,0.46079452252029884,419435,358441
