handle,fraction_bot,total_human,total_bot
diplomat,0.4697605366692106,393943,349010
media,0.4399696053258873,919790,722603
overall,0.4484335805954235,1150444,935332
vaccine_baseline,0.2706635963015348,62394,23155
